{
    "rotation_averaging_angle_deg": {
        "median_error": 1.4806068181935501,
        "min_error": 0.3554738783667552,
        "max_error": 2.68188732278715,
        "errors_list": [
            2.68188732278715,
            2.2811371545492576,
            1.6546934075930788,
            1.1154376879620997,
            0.7078829365159058,
            0.3554738783667552,
            0.44892777155917685,
            0.7964710374897789,
            1.3156844231623444,
            1.6455292132247556,
            1.844128406959701,
            2.338358073354712
        ]
    },
    "translation_averaging_distance": {
        "median_error": 0.49307740803016425,
        "min_error": 0.1412770259710858,
        "max_error": 0.7050508621017162,
        "errors_list": [
            0.7050508621017162,
            0.5932628293459578,
            0.517234745372825,
            0.38293826608130455,
            0.21893148985226746,
            0.1412770259710858,
            0.6257941083278897,
            0.4162218755256783,
            0.4034871341328822,
            0.4689200706875035,
            0.5425572001079713,
            0.6810148753533484
        ]
    },
    "translation_to_direction_angle_deg": {
        "median_error": 1.012427607512461,
        "min_error": 0.001745684440857045,
        "max_error": 3.2530956313815644,
        "errors_list": [
            0.08255393669342749,
            0.7443284611140749,
            1.014709166574364,
            1.5775821383101045,
            0.9264631127977621,
            1.5305377797382755,
            0.7104660730555304,
            0.734458881834259,
            0.526610306813018,
            1.3400989495349498,
            1.3713690174902256,
            0.6053205249450224,
            1.321937148067287,
            1.4380368227674942,
            2.4866637771686544,
            1.8671866933140233,
            1.1974174342115933,
            0.6184162764010079,
            0.7037597272166358,
            1.1937499761887018,
            0.8077869950401433,
            0.2848200691340935,
            1.988922929745906,
            3.2530956313815644,
            0.2817112655351393,
            1.5831144435812305,
            0.34699580454264295,
            0.955849090938676,
            1.1038653878102491,
            1.264594177360447,
            1.1990354382814836,
            1.1150789187370644,
            2.1638576452031026,
            1.1710985915058039,
            0.276742608766174,
            0.7860608904489007,
            0.8806908245430682,
            0.9758077477365461,
            0.43536397854735503,
            1.435192650541407,
            1.9924778809248467,
            1.387038853095455,
            1.2227368819390871,
            0.39980285900027285,
            0.8844632178158996,
            0.001745684440857045,
            3.1000574548534496,
            0.6475098927185103,
            1.0861732105013653,
            0.5485233540053405,
            1.1026626113022189,
            0.9441656535261088,
            2.7191607424787536,
            0.7394380302588548,
            1.0889928158761264,
            1.3360082187000488,
            0.3418204899621068,
            1.2943659421539666,
            0.7211688491415734,
            0.5948995379352482,
            1.010146048450558,
            0.49913591215723185,
            1.539149313757357,
            0.857500020138376,
            0.9434073797000053,
            1.4380813646650676
        ]
    }
}