{
    "rotation_averaging_angle_deg": {
        "median_error": 0.0866834399981978,
        "min_error": 0.030860811191206972,
        "max_error": 0.32629545291225903,
        "errors_list": [
            0.2639709761803008,
            0.04694222027382256,
            0.0788485407171457,
            0.13364575368863604,
            0.030860811191206972,
            0.09451833927924991,
            0.051634373020047836,
            0.13347852047815292,
            0.07127608579068258,
            0.04878678298222611,
            0.14554166111712794,
            0.32629545291225903
        ]
    },
    "translation_averaging_distance": {
        "median_error": 0.0680842390870536,
        "min_error": 0.014643644077798536,
        "max_error": 0.17753957303373524,
        "errors_list": [
            0.06922961589218073,
            0.018297043788015242,
            0.17753957303373524,
            0.1281523117921208,
            0.014643644077798536,
            0.07102639261460245,
            0.06567954867889965,
            0.07622961333747641,
            0.027052627844011922,
            0.053122384205994105,
            0.10519976532900192,
            0.06693886228192648
        ]
    },
    "translation_to_direction_angle_deg": {
        "median_error": 0.5337843815253098,
        "min_error": 0.0346110549642561,
        "max_error": 2.0377587752668656,
        "errors_list": [
            0.3735632791277077,
            0.2900169085987924,
            0.4496187193801344,
            0.5632205894518164,
            0.3992555209264573,
            0.07663203612083033,
            0.5588176769686986,
            0.5256081711864315,
            0.27336828042377864,
            0.7406258317635547,
            0.3840366413095535,
            0.26527583842561725,
            0.6504100517207138,
            0.22015718253306674,
            0.6415777198584496,
            0.6767894099442344,
            0.39270500523505203,
            0.5369814608759504,
            0.3437060406688931,
            0.2950037677526221,
            0.4164431029549244,
            0.8852955536226526,
            0.4764864382765852,
            1.3887699902233863,
            0.12716061618859947,
            0.5305873021746693,
            0.2393543034362735,
            0.6640941329942243,
            1.1492428160525343,
            0.5661531719767372,
            1.5936036062023442,
            1.746963617482293,
            0.6485644586508142,
            0.4845970050811887,
            0.8160732640937991,
            0.9391852791077356,
            1.1040478743177136,
            1.3067318618517103,
            0.5375453340581812,
            2.0377587752668656,
            0.5768319542510255,
            0.3871009919794356,
            0.27974822031443713,
            0.762897044863875,
            0.42714164147363687,
            1.4502563355656348,
            0.9385127784620686,
            0.5616876580407644,
            1.847748223563943,
            0.2226637157077412,
            0.3942782341262199,
            0.5815435014120538,
            0.7566436614737219,
            0.5403042362094705,
            0.4329671255363084,
            0.43027443271077803,
            0.32767030233349287,
            0.8270667983318029,
            0.5831833623055964,
            0.2470052675439604,
            0.5996629259683144,
            0.15054942269679736,
            0.4102101025109905,
            0.0346110549642561,
            0.10412030172623081,
            0.21448864848168753
        ]
    }
}