{
    "rotation_averaging_angle_deg": {
        "median_error": 2.9158343765022474,
        "min_error": 2.335478137186103e-15,
        "max_error": 4.913298819627445,
        "errors_list": [
            2.335478137186103e-15,
            0.41893908079554804,
            1.3680711437638244,
            1.7401428333264686,
            2.326309452558183,
            2.736525116284756,
            3.0951436367197385,
            3.497688627162827,
            3.987135840751122,
            4.31932062855691,
            4.527332144249515,
            4.913298819627445
        ]
    },
    "translation_averaging_distance": {
        "median_error": 0.8703025015816166,
        "min_error": 5.797714727427823e-17,
        "max_error": 1.7882003137293372,
        "errors_list": [
            5.797714727427823e-17,
            0.12975025529423492,
            0.18789306688098079,
            0.33993531429709567,
            0.5627868288305328,
            0.8164947116637105,
            0.9241102914995226,
            1.0156359050390404,
            1.3566694128275405,
            1.39943024063216,
            1.4971621622323372,
            1.7882003137293372
        ]
    },
    "translation_to_direction_angle_deg": {
        "median_error": 1.014257568189831,
        "min_error": 0.05889263718657884,
        "max_error": 3.487148198611651,
        "errors_list": [
            0.4227769789096724,
            0.8549233076959708,
            1.017848696947575,
            1.7175646252060972,
            0.7049472122424536,
            1.568056299438275,
            0.5119302173521099,
            0.6375329575709326,
            0.7990051562028844,
            1.6081623773217653,
            1.656719569268274,
            0.5857999895664365,
            1.1540665446991458,
            1.7291083325847503,
            2.333173797360159,
            1.832809483711256,
            1.2371172449284835,
            0.8355581087580392,
            0.9786692465325578,
            1.4125630319486537,
            1.1144442042871252,
            0.18004620144864364,
            1.9053391422450612,
            3.276932955009832,
            0.5223464701701036,
            1.8501690610100587,
            0.5918801052119927,
            1.2390401890236566,
            1.4010694316031862,
            1.4275208034449989,
            0.9085541609467742,
            1.1415784150677624,
            2.295577635648412,
            0.9804600786310532,
            0.452575473819175,
            0.5571875081746057,
            1.2110545414329734,
            1.3154646021878258,
            0.4222960348950532,
            1.6181314562153344,
            1.6722203365841068,
            1.0419982124752931,
            0.9064258759648002,
            0.05889263718657884,
            1.010666439432087,
            0.30456151558643363,
            3.487148198611651,
            0.3439860125608513,
            1.4702208001124377,
            0.22092792650264992,
            0.7853896713857998,
            0.632125946295216,
            2.364537426917098,
            0.8397522283510913,
            0.7230066524367306,
            1.5358421137372735,
            0.5951742141333789,
            1.6653251606328485,
            1.1254317190891256,
            0.38233792549454115,
            0.5874965834225963,
            0.08903391895009438,
            2.039044559608239,
            0.4314407963226068,
            1.481771589176903,
            0.9496678371042737
        ]
    }
}